node_id,node_type,label,handle,degree,total_comments
UCdFlugHJJa4l3YqWuNRmvXw,author,@MarcosCarillo-b1r,/@MarcosCarillo-b1r,2,2
UCvl1tzQeBeGy6efPTRJXSCw,author,@RaulPerez-cw2vi,/@RaulPerez-cw2vi,1,1
UCRAquv8el-tQ30bN7MlmySQ,author,@iamjimalesssa,/@iamjimalesssa,1,1
UCkbsS_3D-pvg1iHOld9uvIg,author,@gonzalo6075,/@gonzalo6075,1,1
UCOLHH4ZpMxPYF-Q6e6wvn5A,author,@luisroldan7374,/@luisroldan7374,1,1
UCi2KiZq63sRq8Mfbcp-MelQ,author,@eugeneramirez4405,/@eugeneramirez4405,1,6
UCXl30Y_upRqbti52fmjK4YA,author,@capitanfrans,/@capitanfrans,1,1
UCRelkU8JiZBytTzebJxaa-w,author,@danyraymundo2942,/@danyraymundo2942,1,1
UCgLurCo-e019HGODcjXHWCw,author,@perritojuega1,/@perritojuega1,1,1
UCDIMztpVm7G27qBuiWuT6oQ,author,@lizardomorataya8274,/@lizardomorataya8274,1,1
UCZOmq6MwFDVoCaEl99BRRaw,author,@daniloarevalo3170,/@daniloarevalo3170,1,1
UCFybmWapGvBKcQod7cPPH9w,author,@vitalianochavez8382,/@vitalianochavez8382,1,1
UCh5ESQvtzyHDhCA7XyekCFA,author,@andyB5280,/@andyB5280,1,3
UCWIZUtKJ636y-4TYrNvok0g,author,@cesarandreas7824,/@cesarandreas7824,1,1
UCzoL2l5H5eVlorWGH8AZfAg,author,@jor77cas,/@jor77cas,1,1
UCKVzDUqbtdSMBcexaEtMmzQ,author,@rotorairgroup8409,/@rotorairgroup8409,1,1
UCNpt5CQlTzNjlAKY6CJtClQ,author,@eustaquiogomez9975,/@eustaquiogomez9975,1,1
UCut6b9S98nv84cVX89PmKzA,author,@yeniferaguirre4498,/@yeniferaguirre4498,1,2
UCQyOePccUP-fIJYzchAgZYw,author,@aguilar4254,/@aguilar4254,1,1
UCOLGv5Pf6BF2wFcwUzgcvHg,author,@welfrealdana5559,/@welfrealdana5559,1,2
UCAxvOOHQk7dYPOajzFEVtbA,author,@ruddydepaz322,/@ruddydepaz322,1,2
UCQ_-LPP8JAbfkc-b1Q6NvWw,author,@MegaKristenstewart,/@MegaKristenstewart,1,2
UCXmrpc6Li0spcKxtS0Q_ptg,author,@melvinperez6710,/@melvinperez6710,1,1
UCZ51R_9Q9C0c8I3pAWhtmjQ,author,@belvettzapeta1251,/@belvettzapeta1251,1,1
UCPLW0HE3siElqCgXfgWxMqg,author,@elizabethmonterroso7719,/@elizabethmonterroso7719,1,1
UCxhtlxPV8AYWaNNyU6S9H8Q,author,@WilR-s8r,/@WilR-s8r,1,1
UCvcu1kR8xMYy_I1Ty-2mV2Q,author,@hashojea7348,/@hashojea7348,3,4
UCaKAjTW9MVub_clgr4DRYjQ,author,@josecastillo4390,/@josecastillo4390,1,1
UCxff05WuyvwELNITi7bj7UA,author,@markoherrera,/@markoherrera,1,1
UCZLG9qH0tUjNhEGFIUt0CYw,author,@SoniaMarroquin-y6e,/@SoniaMarroquin-y6e,1,1
UCwgCc9Jd_gG-uLE_SY-FfPg,author,@armindapenados2841,/@armindapenados2841,1,1
UCXSkL3ejZ8qWYyF_M7s_QKA,author,@JacintaTzoy,/@JacintaTzoy,1,1
UChs3tU2BcKOT0CezykvAsGw,author,@byronpontaza,/@byronpontaza,1,3
UC6PvO1_k5lHKGdAPo5_C6TA,author,@johnmejia992,/@johnmejia992,1,1
UCwxoKK59nGCeBqB2sXfDBIw,author,@vic-bonivideos,/@vic-bonivideos,1,1
UCWaRixDdpgllTBf4V0jPnKQ,author,@hectormaaz5523,/@hectormaaz5523,1,2
UCkVtmkK07b2zaVVNssX4lOg,author,@HectorElias-u2l,/@HectorElias-u2l,1,1
UCN6qbfPSzFtjhqUDZ3Cv3CQ,author,@carlosmedranovelasquez6380,/@carlosmedranovelasquez6380,1,1
UC95PSMouTx2N5CbSq0hIyrQ,author,@lisss1908,/@lisss1908,1,1
UCueV9cTyTDwgQSec1x2dYgA,author,@fredydomingo7062,/@fredydomingo7062,1,1
UC5H8ASmMC9WrURmzeB4ySog,author,@ManuelEdran,/@ManuelEdran,1,5
UCHhHUjaMAZ8SiXdCUCj9DkQ,author,@fredymendez1786,/@fredymendez1786,1,2
UCgvw7xIdGFupzpt1Y_BFkEA,author,@fredygarcia9151,/@fredygarcia9151,1,1
UCeDNEtI8_a42bZ47wJiJMwQ,author,@EdgarcalderonCalderong,/@EdgarcalderonCalderong,1,1
UCiOZX__1gahg1ypIj0_XG_w,author,@mariogonzalezorellana8956,/@mariogonzalezorellana8956,1,1
UCqCrvuoJpC-aVb0f4logQRQ,author,@Lyrics_GT,/@Lyrics_GT,1,1
UCld2stqxaVSk0QdGncM224A,author,@sarahernandez3873,/@sarahernandez3873,1,1
UCpIdtvoFHVLGASGB5ySqIEA,author,@VidalVillatoro-p4w,/@VidalVillatoro-p4w,1,1
UCtiHFjFu7d5v2XxHnKFUYig,author,@Paul-gf7ec,/@Paul-gf7ec,1,1
UCQM2tCKRRytVDRxNUfCDqQQ,author,@elioelias7267,/@elioelias7267,1,1
UCWvntqPQx99k_Z_skWKqNSA,author,@AntonioChiyal-x5s,/@AntonioChiyal-x5s,1,1
UCoGdCoJg2Lh0OX_jv6cG16g,author,@Israel-u5i7i,/@Israel-u5i7i,1,2
UChgkn5Jt5tWKYMoEOuCjz3Q,author,@pablochitay46,/@pablochitay46,1,1
UCiC-Jn7wdgyQV4_Urk0DkWQ,author,@pedroros6358,/@pedroros6358,1,1
UCQIdKuZ-OzuFqy0KjGrgesg,author,@lyacausa,/@lyacausa,1,1
UCXr8_5WtGeipe4haOoQDgyQ,author,@amyherrera7352,/@amyherrera7352,1,1
UC_3xuTXvMIWU5MYP9HkJ3vQ,author,@Historia-wm4os,/@Historia-wm4os,1,1
UCFjudnPLoaSL1BaRuLahyHg,author,@HaroldoCastillo-rh9iw,/@HaroldoCastillo-rh9iw,1,3
UC-pNP6RMFuLg_-x7Ah_0kEA,author,@almacatalan2717,/@almacatalan2717,1,1
UC1Y7x3h0c95Z8kUhi-Tzaeg,author,@rosadiaz9235,/@rosadiaz9235,1,1
UC1WlJfQmaIskYhP4gmWoamw,author,@marthareiss5434,/@marthareiss5434,1,1
UC3MYTqpQqlWBuCB7Th0e0PA,author,@isaaclopez7220,/@isaaclopez7220,1,1
UCOcUI5XkTYNMSFhZNMIPpGg,author,@hendersonlopez3864,/@hendersonlopez3864,1,1
UCOS8ViEkccrTZx2w2ccxotA,author,@OscarHernandez-q8y,/@OscarHernandez-q8y,1,1
UC3iIU62XKUOWuqL8BqBzj9A,author,@antonioduarte2288,/@antonioduarte2288,1,1
UCV3fr-YOixFKCZBbJP1-X4w,author,@albertoshernandez5251,/@albertoshernandez5251,1,5
UCmjppp6ujz3SAnULvP3sZMw,author,@marcomendez7509,/@marcomendez7509,1,1
UC5PyGvSfFM--OVKmQ3COu6g,author,@FreddyGmez,/@FreddyGmez,1,1
UCQqetiwzzmRNTM5OWuXarGQ,author,@isaiaslopezvelasquez1539,/@isaiaslopezvelasquez1539,1,1
UCCaYwkkbQGcvFoUmothVdQQ,author,@OsvaldoAguirre-l3i,/@OsvaldoAguirre-l3i,1,1
UCQgYjVngJRfPHDLGB5X6ZjA,author,@oscarnavas9996,/@oscarnavas9996,1,1
UCN2N_wYOw6fMwCeSzdXLPIw,author,@danielantoniogonzalezflore4901,/@danielantoniogonzalezflore4901,1,1
UC9vMq1YF-e7C-VO0SHkbUTA,author,@ErvinLeonardoCarreraLatín,/@ErvinLeonardoCarreraLat%C3%ADn,1,4
UC8F2V63KZ4ZEay6opX2hAQw,author,@carmenr6311,/@carmenr6311,1,1
UCheEJ5GZuIvV0fj-nXyVwXw,author,@rosaoliva9389,/@rosaoliva9389,1,1
UCujPF2nBgsTD62nWE3lcpIg,author,@victorarturoruanobautista7588,/@victorarturoruanobautista7588,1,1
UCV0iizTBoOfdAFX_thfI9BA,author,@BenjaminLarios-jd8nk,/@BenjaminLarios-jd8nk,1,1
UCp29O_C7cchZV8IxV7Crdag,author,@robertoescobar5507,/@robertoescobar5507,1,2
UCkxdJ_yGN2gghOMo2ybQtXQ,author,@11223344An,/@11223344An,1,1
UCjZgFEowMBrsjodqfovzdKw,author,@franciscoflores3120,/@franciscoflores3120,2,2
UC4wq3DcbfaG6dtCqn8Oyu3w,author,@hugoasencio7764,/@hugoasencio7764,1,1
UCVC2QugcI1G4RvlCiUqd1aQ,author,@rwdm76,/@rwdm76,1,2
UCXVLc8CmAO813ubM-fLvCDw,author,@herminiasaquimux7565,/@herminiasaquimux7565,1,1
UCwW2OFy95P7ZBkOPxWkpvYg,author,@TeresaLucero-b5o,/@TeresaLucero-b5o,1,2
UC3XTwHxygNCgjndsg-UiCQA,author,@marioajset4283,/@marioajset4283,1,3
UCgQw_Sbq3ugruDUKsq1e0-A,author,@marlenareano-h4t,/@marlenareano-h4t,1,1
UCL13XhnRzbGokEkCkEOb0-g,author,@raquelprado3643,/@raquelprado3643,1,2
UCQtSFINs1h6GHkpg9o5kMvg,author,@MacarioMartinezruiz,/@MacarioMartinezruiz,1,1
UC2ngpd8UBQu4gcUYy0goAtg,author,@juliohernandez7438,/@juliohernandez7438,1,1
UC7IMsCxfZyWN7YQo8-JYa6Q,author,@Burgos68,/@Burgos68,1,2
UCzSfZlOVxBSs5ObD25ywxDQ,author,@GilmarMaldonado-q9m,/@GilmarMaldonado-q9m,1,1
UCLFdHr9BEbXHkoJopbEPLZw,author,@kanterra4584,/@kanterra4584,1,2
UCNkcuy42zEwddwEcOd_HpnA,author,@vanigomez492,/@vanigomez492,1,1
UCJp3OrVYcBorC94sKwdch_A,author,@ULJoshmg2011,/@ULJoshmg2011,1,1
UCLh1Kde4_vI1sTZBkTNP7RQ,author,@JoelReynoso-d4r,/@JoelReynoso-d4r,1,1
UCThW2XNsAaBKme5PUt7n-Zg,author,@thelmamoran8565,/@thelmamoran8565,1,1
UC6YSZqL0vEcI-niPKIMUGfw,author,@maxwellsales885,/@maxwellsales885,1,1
UCNBnKqWf4d-rS4HwJRQljmQ,author,@LE_A22,/@LE_A22,1,2
UCO0zwwLWGyDgQmWPJ5Qrr1w,author,@elsalvador3605,/@elsalvador3605,1,1
UCwjUvRseNtJoItylIyIez7Q,author,@Silviazea,/@Silviazea,1,1
UCTwSut16JyAg3mX6LVUNGqA,author,@SuperVictor2005,/@SuperVictor2005,1,1
UCLggDc_a5HriXv7I1h02sOA,author,@guillermogonzalez5153,/@guillermogonzalez5153,1,2
UCwO2SXr0ggzwg6QWWrr01nQ,author,@ricardofigueroa5720,/@ricardofigueroa5720,1,1
UC816IGbFCZinfYS1LRDaaHg,author,@ingenieroar,/@ingenieroar,1,1
UC3qn1yJA5PeW9rkGPatQxiw,author,@VICTOREST19,/@VICTOREST19,1,1
UCaT4saRcyqCLE657Rq2hhZQ,author,@elmilenial4064,/@elmilenial4064,1,1
UCc_F88PzGWtA1OPNUEASulA,author,@rockyscarlet,/@rockyscarlet,1,1
UCErZPJpHmLCsXs8ZWkAUupQ,author,@dorisl.garciaroche7763,/@dorisl.garciaroche7763,1,1
UCFOxCyF926Y9eHhMeVoWLzw,author,@arielsarc09,/@arielsarc09,1,1
UC72gBAtyb_VXQlYDcFrh6oQ,author,@osmanmorales3012,/@osmanmorales3012,1,3
UCi1b_TRQfgO1Z9O2gNGGWNA,author,@davidisraelesquitsaquil,/@davidisraelesquitsaquil,1,2
UCBlm80VQ4YoV3bUJR_XhkaQ,author,@rosadiaz6945,/@rosadiaz6945,1,2
UColMq7LmaoY3MT6aIDGrGvA,author,@quijotachapina1,/@quijotachapina1,1,1
UCat2qkYvqmtDNEmo2PVuhXw,author,@DoraSalas-j5o,/@DoraSalas-j5o,1,1
UCSTAUWVc1_82DHYeqOsqEFA,author,@TheAlexX_C,/@TheAlexX_C,1,1
UCcFIBN-rtC3d3hXeuN5TfWw,author,@DenisRMC,/@DenisRMC,1,1
UCV0lM03g5fg5pbPj97-sAtA,author,@genarodelgado3929,/@genarodelgado3929,1,1
UC_ljZ1hZXR9pzexFz87P5ZA,author,@ChRiStOpHeR7969,/@ChRiStOpHeR7969,1,1
UCLXYp1Cvc5DLtq5UQL5D9vw,author,@jorgecifuentes-m5g,/@jorgecifuentes-m5g,1,1
UCfjhejO7LZy4doXURa7LZCQ,author,@HonwayLee-z5g,/@HonwayLee-z5g,1,1
UCplrIQtaPj6au60_f2-mOYw,author,@romeolopezherrarte799,/@romeolopezherrarte799,1,1
UCql1n3Ey6ULMSOACjMe-fxQ,author,@RolandoGonzalez-o7g,/@RolandoGonzalez-o7g,1,1
UCZFQwqh90apuL8eFhvRBkUg,author,@luisricardo9671,/@luisricardo9671,1,1
UCyJhqmMbsvjpoarBBStA2kg,author,@Murmullodelbarrio,/@Murmullodelbarrio,1,6
UC63tFvbQ_hJhGDi2nbjssjw,author,@AbigailRodas-w2r,/@AbigailRodas-w2r,1,1
UCtCtts20bW6F9CSohau51Iw,author,@carlosgranados9875,/@carlosgranados9875,1,2
UCcfdg8crmMJwEuLUsAhV7yg,author,@RolandoRaguay,/@RolandoRaguay,1,1
UC6Uj1FT5JjDSF8vudvDxPAA,author,@alfredoortega9264,/@alfredoortega9264,1,1
UCj-LL25XJnjxepPKCc3NGog,author,@anaaguirre8985,/@anaaguirre8985,1,1
UC1DpqK6vaPEkBOMNvypsKYg,author,@HectorCarranza-u4j4o,/@HectorCarranza-u4j4o,1,1
UCpsKOkt5iWTbenzeuq7dsmQ,author,@inge_vergueta,/@inge_vergueta,3,3
UCDftMWXQoJ6nONfY7GVOVjg,author,@luisgpacheco5858,/@luisgpacheco5858,1,1
UCYwpX26TrCxq8TvbKGRYLXA,author,@beneficioelcaminovillacana8540,/@beneficioelcaminovillacana8540,1,1
UCUIIIPTVDVHAXqhC_5V6lPA,author,@gorrarota,/@gorrarota,1,1
UCzZ6dDCEsLMXbc5pCFXIprw,author,@josegil3813,/@josegil3813,2,2
UCNIeXbV_mEwpa412h1aqUWw,author,@juandeleon9060,/@juandeleon9060,1,3
UC_6KbBY1bsYXz9fwFS0eQRg,author,@imrcp5694,/@imrcp5694,1,1
UCDQaQv0hr2SS_PO-CMEwVHg,author,@federicosaquimux1933,/@federicosaquimux1933,1,1
UCefAH1MbvADWUjE9WVcB9EQ,author,@jabriz8152,/@jabriz8152,1,1
UCEHXl4VvvVpq-_4xC5tsbhg,author,@anibalg47,/@anibalg47,1,1
UCeQk-WfEA-cJRq4EKeE7TOw,author,@franciscojuarez9223,/@franciscojuarez9223,1,1
UCkd9W714-947dEE6ZOEBATA,author,@ARGELIATELON,/@ARGELIATELON,1,2
UCljDbleJul41G1TzOjOZAVA,author,@hectorcarranza3777,/@hectorcarranza3777,1,1
UCGGHbtfbbe0o68etrOf0qxw,author,@karensussetteleonvargas9794,/@karensussetteleonvargas9794,1,1
UCVdjCrh4tQoX3haNAZv-n5A,author,@aurahernandez5646,/@aurahernandez5646,1,1
UCZeIIQrGAedW8tCbKWmGY-A,author,@mariocordon8873,/@mariocordon8873,1,1
UCFUuDARXdmmIrLppEqf-rFg,author,@allanmunoz7410,/@allanmunoz7410,1,1
UCCUmP4PlbwgikVFpYwbtRTg,author,@alhvi,/@alhvi,1,1
UCfXykdbSU97rj987LDUGfvg,author,@MariaSantos-c8y3h,/@MariaSantos-c8y3h,1,1
UC4Avya4kmR4Q0FrfFdBozSQ,author,@davidlima1348,/@davidlima1348,1,1
UChep9kVb5gQmpodEEl10Xlg,author,@carlosaguilar-kz7ml,/@carlosaguilar-kz7ml,1,1
UCtsxPYw8VUsH_FfnKg-0lmw,author,@AlejandroPérez-b6r,/@AlejandroP%C3%A9rez-b6r,1,1
UCRlCV9zSn7avAWh-9_XFWqQ,author,@ronyarana8849,/@ronyarana8849,1,1
UCfo_yUPzy1f1POwwZxhZ06Q,author,@lara11roberto,/@lara11roberto,1,1
UCTylKrsqkrBKIqubMu_5N0Q,author,@edwingeovanymarroquinmarro6684,/@edwingeovanymarroquinmarro6684,1,1
UC5hvEnRUzI4Kfvwnyi4QxqQ,author,@leonelsantizo5281,/@leonelsantizo5281,1,1
UCVhif9eV0f8plICen2DnpKA,author,@blogarteplus,/@blogarteplus,1,1
UC1vr9aaMI2crB0NvwFHUeoQ,author,@JoseSimilox-p6e,/@JoseSimilox-p6e,1,1
UCEgEQmRbtL5fwr9_DqAC--g,author,@ArielRodas-g5y,/@ArielRodas-g5y,1,1
UCIUhbSCy3-SGRe5UtqM4fzQ,author,@jeanmorales1677,/@jeanmorales1677,1,1
UCozFYHN0e_-vlQbX3wQGOug,author,@jesusguzman2321,/@jesusguzman2321,1,1
UCQMMuADgqWUOcJpLwHOzC-g,author,@Ripped-Yoda,/@Ripped-Yoda,1,1
UC-QOpE7GOxlXcHZ8b7HbQKA,author,@mariaalexander427,/@mariaalexander427,1,2
UC0RpuMwkDKJYqgKHtsJRuWQ,author,@sabinamarinaguerra3248,/@sabinamarinaguerra3248,1,1
UC-HeUTT6_g-VoiWds2a4H-w,author,@JorgeMunoz-gd9et,/@JorgeMunoz-gd9et,1,1
UC2Y_EHWQKevubk4vOEBBFxw,author,@alfonsomorales2653,/@alfonsomorales2653,1,1
UCwEe1RKlEv1UpNWmWYfSh4w,author,@marioramirez299,/@marioramirez299,1,1
UCQtICyzWmhC5woCtbNgaSmg,author,@nestormendez6216,/@nestormendez6216,1,2
UCDlr1VadSucIZgZ171pRBjQ,author,@cuabatzjj5924,/@cuabatzjj5924,1,1
UCxKR3RA8T-kxMgq_2WWhRcQ,author,@elenaluarca9377,/@elenaluarca9377,1,1
UCJxJC56BSAX-ArD0NAb9qnQ,author,@alfonsowilian9157,/@alfonsowilian9157,1,1
UCqilIa8r7iek5sGYg_q6ofA,author,@rolandojuchuna484,/@rolandojuchuna484,1,1
UCyor0Mmm0ivLX2jIdyGp84Q,author,@MiguelJordan-n3g,/@MiguelJordan-n3g,1,1
UCpe5jW3MIqkgTJ-PgkzvM6Q,author,@carloslam5333,/@carloslam5333,1,1
UCz3gu01bmjNv0DpRq-K3XYg,author,@eusebiovasquez4385,/@eusebiovasquez4385,1,2
UCuXmOjxC-htcprLgeVXz6Tg,author,@jorgeaguilar-bq3uj,/@jorgeaguilar-bq3uj,1,1
UCySYJU5kUh7X8gVt9la2ISA,author,@dantesarti4351,/@dantesarti4351,1,1
UCHTGCgY2l-DQJIvlA_cpa_Q,author,@virgiliogarcia3039,/@virgiliogarcia3039,2,3
UCPNXmbOBVeC4HS-xemvcPtQ,author,@BelkisRodriguezRamirez,/@BelkisRodriguezRamirez,1,1
UCtUR3_CAiE7fCoZHM6cMfyQ,author,@mdelcid01,/@mdelcid01,1,1
UCGj2v6Gl5bN8NSrzJMXS-CA,author,@juliogutierrez492,/@juliogutierrez492,1,1
UCbrtvygfRT6QXqWDNrOf-cA,author,@Alejandro00710,/@Alejandro00710,2,2
UCOh6DaZC_x9HASnlRylEMfw,author,@AndresMedina-v1s,/@AndresMedina-v1s,1,1
UCL1MT278vSaQ83ZDkVWn1gw,author,@elmorodriguez6978,/@elmorodriguez6978,1,1
UC8G5cJONY8L9voMyBW8Eoug,author,@luisparedes-pw6qt,/@luisparedes-pw6qt,1,1
UC7VUuJr9cGh845CmTvf7TlQ,author,@LuisCastillo-oz4df,/@LuisCastillo-oz4df,1,1
UCFhxtoeARHPnXXPcDrOU3Xg,author,@diegoalejandrolopezmendez205,/@diegoalejandrolopezmendez205,1,1
UCAlzM_N6xBlMYmM8EBzX86Q,author,@carlossoto3252,/@carlossoto3252,1,1
UClqA491Xa5fQcXcJJa-vTWw,author,@AndresLemus-k2d,/@AndresLemus-k2d,1,1
UCvDwJBBY1mHK70aTEYl6rsA,author,@cristianescobedo8296,/@cristianescobedo8296,1,1
UCWWkebAekppaL5b5CNlppuw,author,@ninettmartinez425,/@ninettmartinez425,1,1
UCjmPuazZJzscrwvk0QR9RVw,author,@mynorrodas8591,/@mynorrodas8591,1,1
UCipetjeiWj4CZB6EbyYziZg,author,@OseasSamayoa-ol5rz,/@OseasSamayoa-ol5rz,1,1
UCZIQnb1fkwe39Iw2TAu-bGA,author,@jorgegomez2237,/@jorgegomez2237,1,1
UCTP3O0rMnc8z8v8jaDQwL0w,author,@RobertoZelaya-x1v,/@RobertoZelaya-x1v,1,1
UCsUCN0Yq_UyTvKjOJLmNrnQ,author,@moisesvaldez4043,/@moisesvaldez4043,2,2
UC3UVO7pTbeYvZ3ILEyRDskQ,author,@rosaelenaargueta79,/@rosaelenaargueta79,1,1
UCuP4UK33HKtJE_S39ksmaTw,author,@herbertaguilar1387,/@herbertaguilar1387,1,1
UClsrFGJKWPxxw7MiaEdKLXw,author,@ericapaz5406,/@ericapaz5406,1,1
UCg3eIfd7BrsLEqS0BLkftHA,author,@ErmePérez-q4s,/@ErmeP%C3%A9rez-q4s,1,3
UCq3mDTTRZnUybct5M9OSXbg,author,@MacoMorales-i2i2d,/@MacoMorales-i2i2d,1,1
UCGzXwyCzMzGmjmCbH3Hg01Q,author,@FidelZacarias-ph7dy,/@FidelZacarias-ph7dy,1,1
UC0HvfEWozTHbwl_iEmJNvVA,author,@OttoPalencia-b7r,/@OttoPalencia-b7r,1,1
UC14qlobYKqD-DO0j6b75lcA,author,@megavision4488,/@megavision4488,1,1
UCiGRBf2RNF0WRKhRVT7zFoA,author,@edwinavila4876,/@edwinavila4876,1,1
UCa36MjQLoPAmgJo-R3G8WQA,author,@elsasalguero6914,/@elsasalguero6914,1,1
UC3YpzAr7pcdKC7BVFEpYzog,author,@carmenfigueroa1232,/@carmenfigueroa1232,1,1
UCQqlPPUGqAfWjd-FSh_qn7Q,author,@estuardoargueta137,/@estuardoargueta137,1,1
UC8r11yOugM2NuRfitQOxLLg,author,@cesaraugustomoralesmonroy6907,/@cesaraugustomoralesmonroy6907,1,1
UCusjriFsDHEc2AOjqk-p5ig,author,@pablobarrios7931,/@pablobarrios7931,1,1
UC5fvhAfm89JH8eDFdvc0xYw,author,@isaidiaz2388,/@isaidiaz2388,1,1
UCAV7QIjYhbDJaycQycM_0eQ,author,@mariavail8998,/@mariavail8998,1,1
UC3E9mAgP7VoAE5mZoAexl5g,author,@EnnioAroche,/@EnnioAroche,1,1
UCB5p8a5gklc80jJItP6xTHg,author,@ernestogamboa8737,/@ernestogamboa8737,1,1
UC1NiEdJ7gk6FlDexIalWnGg,author,@BorisTebalán,/@BorisTebal%C3%A1n,1,1
UCdQAuWwyC99MB7Y02Umj26Q,author,@miguelbran1268,/@miguelbran1268,1,1
UCtowGNY2lnlg6O2CkwDgkLg,author,@taniagabrielacelis8434,/@taniagabrielacelis8434,1,1
UCp_dAUfv8i3LW3zWc24dLaQ,author,@MarioCortez-o6v,/@MarioCortez-o6v,1,1
UC_NRVt2UP88ZNTwzrZ66JSg,author,@aditalissethevasquezrojas8039,/@aditalissethevasquezrojas8039,1,1
UCylqlpsh8ENNM1LqgQ1KbxA,author,@Jel.Awesh.M,/@Jel.Awesh.M,2,3
UCRvPToDkkumha7WJAfCDk1A,author,@ligiaguerra3057,/@ligiaguerra3057,1,1
UCPZueDLrCS4BmTBRMA4q0fA,author,@kevinochoa3695,/@kevinochoa3695,1,1
UCHMQ_lDhibZ-XZ_3fo6oxwg,author,@crislexrubi4387,/@crislexrubi4387,1,1
UC7dadZG7kkGYnsNu6td0FbA,author,@lesolorzano,/@lesolorzano,1,1
UCrJn_rbo_ENAdeqneS-RmRw,author,@josecarrera9623,/@josecarrera9623,1,2
UCFFrEmn6lPYiWyElpfzTy5Q,author,@denilsonlopez4083,/@denilsonlopez4083,1,1
UCNiMNUJvaRJb0_QLClqwVnA,author,@Santiago.Nolasco,/@Santiago.Nolasco,1,1
UCs_5qeqdku9tGAq22y3OcuQ,author,@alexandrevasquez4135,/@alexandrevasquez4135,1,1
UCCBYcToQ2dwkd6TJh0FSyDg,author,@lidiarodriguez3493,/@lidiarodriguez3493,1,1
UCxcoDvP-g2_KTZDmVZtvb3w,author,@angelmartinez9523,/@angelmartinez9523,1,1
UCW-JC6lebVmf2P1dmY_L94g,author,@dinoraoroxon5771,/@dinoraoroxon5771,1,1
UCgJNFj5dnxXpcMvmuhZDPxA,author,@NataliaRodriguez-rx5mr,/@NataliaRodriguez-rx5mr,1,1
UCFoIAE8k82D6AV-8gjjKaNg,author,@eddymunoz9789,/@eddymunoz9789,1,1
UCe8JZoYkX5oKUZyivHYdXhw,author,@FernandoGarcia-jg1fj,/@FernandoGarcia-jg1fj,1,1
UCnU8wO1OurAmGstDw6VGjgQ,author,@cmorera21,/@cmorera21,1,1
UCf5lnNZF7Qrtli9v4N_23WQ,author,@CarlosCortez-v5r,/@CarlosCortez-v5r,1,1
UCW80DaMjQlEUibC98Cot-Dg,author,@rogeraldana4289,/@rogeraldana4289,1,1
UCDrmf9y9nLgFY5wnA2hTuGA,author,@laboratorio5528,/@laboratorio5528,1,1
UCTD6q1nyIe3Y7HhqjaMj72w,author,@JuanChang-r6k,/@JuanChang-r6k,1,1
UC0aEyakBPqcBkVJiErfSupQ,author,@jhonymanuel9891,/@jhonymanuel9891,1,1
UC650pRT-OYzny3GwOH8Cgfw,author,@edvinparedesherrera7632,/@edvinparedesherrera7632,1,1
UCWoAVGVqCn4xtINCMOTM4jg,author,@OmarMartinez-vv8re,/@OmarMartinez-vv8re,1,1
UCDPWkUX3sNNaCx-m1dV4glA,author,@hectoroliva949,/@hectoroliva949,1,1
UCsGoJEvb-cFPZ2rWoJcXzEQ,author,@sergiohinestroza9709,/@sergiohinestroza9709,1,1
UCXXh7yg5KUFIWylTiKVEFKQ,author,@MrDuenderojo,/@MrDuenderojo,1,2
UCfM3nrxtTQMY5jFx1v1J4Gg,author,@edgarroldan5539,/@edgarroldan5539,1,1
UCp4iw5_5SmV9VGTFSNVGOmQ,author,@CARLOSSTREMS51,/@CARLOSSTREMS51,1,1
UCIp19h9igblA2YKfSLPDAug,author,@JoseReyes-rn6sh,/@JoseReyes-rn6sh,1,1
UCwha8rxULYMVtNwZWeSkE1A,author,@mariasamo8637,/@mariasamo8637,1,1
UCHbwIx9pmQuf7i-4_xO2EpA,author,@caminoseternos752,/@caminoseternos752,1,1
UCu8_3-Wg-YzNyvHYQDEscfw,author,@RolandoCastroPérez-d7y,/@RolandoCastroP%C3%A9rez-d7y,1,1
UCIgoiXdIKJyUGmUoH2Lxdzg,author,@susievidal4134,/@susievidal4134,1,1
UCXN2s7DwTJm33xO-pNkAdaA,author,@edithsan7688,/@edithsan7688,1,1
UCgLrWFdYitoP-b7-PxtUr-w,author,@zetag,/@zetag,1,1
UCAKuKvcbfnBD3kF5njNu-IA,author,@melvinlopez7096,/@melvinlopez7096,1,1
UCFxE8GbokBrBsPEKM1xrOjQ,author,@JuanDavila-qd7qj,/@JuanDavila-qd7qj,1,1
UCk4O-J1BhoqPmig1KLGJePA,author,@lazarobarillas3575,/@lazarobarillas3575,1,1
UCUoYsrx1oZnCZ0usbBJn4fA,author,@AnaDiaz-re9sq,/@AnaDiaz-re9sq,1,1
UCHu8x4MVkayU6VgwVKd--MQ,author,@Hernandez-i1o,/@Hernandez-i1o,1,1
UC-jS_kA9w-OmpupXDx156Rg,author,@simoncreyesc7579,/@simoncreyesc7579,1,1
UChT7pzGytNd92Nmvi-zuWog,author,@sparkvalkov,/@sparkvalkov,1,1
UChZknRmJkeGeQk0-mQuhDOg,author,@OdilioRodríguez-c5w,/@OdilioRodr%C3%ADguez-c5w,1,1
UCOARn3hnfkB7-_Rwa8Hoqcw,author,@nicelol5241,/@nicelol5241,1,1
UC9Wp6vL5oCU37qC3Aj94WZA,author,@ManuelSanchez-b8q2z,/@ManuelSanchez-b8q2z,1,1
UCIXLDYqR_syskKRJy_x9W9Q,author,@carlitosramirez4739,/@carlitosramirez4739,1,1
UCYN4wSQ1Sx4_LurxLlW7MPg,author,@belarminavillatoro6474,/@belarminavillatoro6474,1,1
UCTTILH6QCIxbTnEWxwRqs1g,author,@3762Jorge,/@3762Jorge,1,1
UC5bG9nc_JV3FsNP2KseQiYw,author,@giovannirodas4836,/@giovannirodas4836,1,1
UCKDR0f2fu2UzWL8mBv5-BHw,author,@mireyamorales6595,/@mireyamorales6595,1,1
UCbYoNG5J3Au5BqtbXogfEFw,author,@Luis-gn3fj,/@Luis-gn3fj,1,1
UCl0ekS9Tt0jJGtOEM18S63w,author,@monkchapin,/@monkchapin,1,1
UCVQf0tzL7xRzFJsABVVULpg,author,@DennisseLopetegi,/@DennisseLopetegi,1,1
UCsSXdJct-nsS8DsABoEsaYA,author,@IvánPérez-j4j,/@Iv%C3%A1nP%C3%A9rez-j4j,1,1
UC9xr9QvIcDvoZNUX5f-jaZw,author,@MariaaliciaColonmorales,/@MariaaliciaColonmorales,1,1
UCpl8rF8uv_8uui-QRvuJaRA,author,@SergioGarcia-z9c,/@SergioGarcia-z9c,1,1
UClhMWQ7XKWywYvbRnuf8QsA,author,@EcPerez-zz9oh,/@EcPerez-zz9oh,1,1
UC4kg7zuTfqQKLd2bkZrSYBA,author,@zoilagarcia9019,/@zoilagarcia9019,1,1
UCbNanjFI51cwGqMAb2rOrBw,author,@RosaMontesdeOca777,/@RosaMontesdeOca777,1,1
UC2weSE8rpqkGMOp6StYtVfg,author,@katerynsantiago2907,/@katerynsantiago2907,1,1
UCyzf29IYjNw67gGIfsjgtxA,author,@carlosoliva9249,/@carlosoliva9249,1,1
UCaT6M2zp7X6r6Whd8Vv3kHQ,author,@alexarcos8349,/@alexarcos8349,1,1
UC3NMzdMYryaw82kPTnsaljg,author,@marisosa7832,/@marisosa7832,1,1
UCSou6a2OuYGSvPjm5psquyA,author,@FranciscoRivera-sf7ne,/@FranciscoRivera-sf7ne,1,1
UCtNyHmRZtvGF2hSvI2dUBWw,author,@aureliomaldonado4793,/@aureliomaldonado4793,1,2
UCGqKxQS-z3NZzZF-2w338AA,author,@samuelaguilar529,/@samuelaguilar529,1,1
UCXO1BBohNWXkK9SBDAG2ySg,author,@JBFlute92,/@JBFlute92,1,1
UChyps3dqY-VY1_wLeq-2lhw,author,@maydamorales4395,/@maydamorales4395,1,1
UCXgr7vXlRrsaskPdo097kGA,author,@Rogergh-nw4oj,/@Rogergh-nw4oj,1,1
UC4cXueR2bKGFJV0Fk76gwmA,author,@aluxdel4792,/@aluxdel4792,1,1
UCmvOgzmmXbjUthHy-WJ52hQ,author,@mariorodas593,/@mariorodas593,1,1
UC6xI_MOaxajIWpoP8BH6E_Q,author,@jahirdiaz5862,/@jahirdiaz5862,1,1
UCtMBF_1O2jY2INlb_luuB_A,author,@mynorgudiel8646,/@mynorgudiel8646,1,1
UCrqXyRsg-_hTosURZ-uvoKg,author,@flornolberto2425,/@flornolberto2425,1,1
UCGZMgmM92E3njyXNe9-kjAQ,author,@pasionpornada,/@pasionpornada,1,1
UCOY3XpD9qMCRSA8AA8c4CAw,author,@franciscorodas9686,/@franciscorodas9686,1,1
UCfRqgt2O-vjzUDMZY_tnxQw,author,@Williams-Garcia67E,/@Williams-Garcia67E,1,1
UCjJf-AJKRFFWtiN-CSwkDmA,author,@2jose82,/@2jose82,1,1
UCBtB5dIyx-C16UN8ClUD2UA,author,@alexmonzon4257,/@alexmonzon4257,1,1
UCDUffaruH6dyUnUGwsTKpgg,author,@luisletona2842,/@luisletona2842,1,1
UCgGqw4aqMdMVSGkKiMgrJRQ,author,@pattyfigueroa5609,/@pattyfigueroa5609,1,1
UC32oozucwCF3q8d4m8fyOUg,author,@RauldejesusOlivagonzalez,/@RauldejesusOlivagonzalez,1,1
UCvApqeCbLod-wejtT4CcVuA,author,@davidgaher9550,/@davidgaher9550,1,1
UCHGd14aYuZZShLD73dkk6mg,author,@noemiherrera3152,/@noemiherrera3152,1,1
UCiMythXHsw7eQEMykCdmMUA,author,@JavierBecerra-h6x,/@JavierBecerra-h6x,1,1
UC-fiZBS5Gp1eCJd9ucgWnCg,author,@Tommii.10,/@Tommii.10,1,1
UC5PrBbmUlQolwqmiru7yZhw,author,@lazarochavez8269,/@lazarochavez8269,1,1
UC094EFEmMSdwVa8NQjjYBXg,author,@CelestinoQuej-j7k,/@CelestinoQuej-j7k,1,1
UCGm3gRBEHGRJYmtCryZLtDw,author,@JoséLopez-g6k,/@Jos%C3%A9Lopez-g6k,1,1
UCwUAv3_LpWVtTIi7lkmTL7A,author,@kingr4706,/@kingr4706,1,1
UC5wuDq3U3vRAhOQI3D7gNdw,author,@allanreneramirezgonzalez534,/@allanreneramirezgonzalez534,1,1
UCsJJAvrVGupdmhOqgtDp8dg,author,@nestorlorenzana1168,/@nestorlorenzana1168,1,1
UCtNfIBnc5S5DbbQj_yxgJTw,author,@JosueRamirez-ey3ih,/@JosueRamirez-ey3ih,1,1
UC-Iul5tDYH_oiAMXQH-KaaQ,author,@AlbertoMancilla-p9h,/@AlbertoMancilla-p9h,1,1
UCyW68EGZey4ao_Vf2cR5Ztg,author,@ZabalaXabier,/@ZabalaXabier,1,1
UCZjm6U576nX8WOiLhmMR3bw,author,@MariaNavarroYT,/@MariaNavarroYT,1,1
UC_LYoGs5C3mbZKZuKuqYCvw,author,@javiercifuentesarchila6041,/@javiercifuentesarchila6041,1,1
UCRfkkatKrNtAARnXMMYBGlA,author,@BernerSoza-mg3vx,/@BernerSoza-mg3vx,1,1
UCA93ym2TXs_Ibyxb4Vcn-6Q,author,@oswaldosolis8728,/@oswaldosolis8728,1,1
UCAmtbUiIrUIhikru0ZoTFig,author,@Aura-vf6dm,/@Aura-vf6dm,1,1
UCr1emrogPKkKTs_WTtx71xg,author,@domingopeneleu6457,/@domingopeneleu6457,1,1
UCRznz9-N3Qc1w-qNdLSIY2Q,author,@jimmygomez724,/@jimmygomez724,1,1
UCY7Hq7F9Lnucf-Yr6JkHZNw,author,@maynorcalel1442,/@maynorcalel1442,1,1
UCjSKM9j0Q7HLDr1hD6D-TUw,author,@josehidalgo4875,/@josehidalgo4875,1,1
UCwCfs-2zbD5k0lG-UVg_JBw,author,@JessicaHuaz-96,/@JessicaHuaz-96,1,1
UC8xlJWNHz1V_W6q3fbuQH8g,author,@NormaLópez-v7e,/@NormaL%C3%B3pez-v7e,1,1
UCgQJgI9vu1FI2dnC9mrFthw,author,@srms70,/@srms70,1,1
UCRETAiYdh2dL5ZxB0_N1zDA,author,@Joseroland21,/@Joseroland21,1,1
UCi-vPdnpQreC7BkFs40mJGA,author,@bryansicasales4280,/@bryansicasales4280,1,1
UCsjs5Hp_r86x1xbK6FAeqaA,author,@alvaroesquivel563,/@alvaroesquivel563,1,1
UCRcSR3Lvn9DZAmJpVPANfZQ,author,@WalksandSuch,/@WalksandSuch,1,1
UCGX_UbAQOXGZknv5iqklwTA,author,@ronaldgarcia8522,/@ronaldgarcia8522,1,1
UC-hfX8J5JPJ-dfuakzegMLA,author,@normaleticiaorozcojuarez2418,/@normaleticiaorozcojuarez2418,1,1
j43HgwYFKfk,video,La cooptación de Walter Mazariegos en la USAC,j43HgwYFKfk,49,50
06mFNPU0aB8,video,Capturan a presuntos delincuentes disfrazados de mujer señalados de cometer asalto,06mFNPU0aB8,13,14
OkXlHx0hx-8,video,EE.UU. envía a mexicanos deportados a Guatemala antes de su regreso a México | Noticias Telemundo,OkXlHx0hx-8,18,25
yLZS3JiEBg8,video,Arroz con pollo a la MONOPOLIO,yLZS3JiEBg8,16,16
n8iP75gIpmw,video,Qué rico come tu diputado,n8iP75gIpmw,128,161
lj983NWyAQY,video,Plan 2032 Ciudad de Guatemala,lj983NWyAQY,25,25
ndAZjHqzzT8,video,Internet: escoger el menos malo,ndAZjHqzzT8,10,12
6W4u8sGEnGM,video,Inician los trabajos de recuperación del Puente Belice II.,6W4u8sGEnGM,32,45
TT4qJ5FXHYE,video,"I’x K’at: el primer equipo guatemalteco de pelota maya, conformado únicamente por mujeres.",TT4qJ5FXHYE,4,4
X_FAIef8qlE,video,Cruzando la ciudad a puro Transmetro,X_FAIef8qlE,1,1
zweosulrwA8,video,Edén por Salud: empleo inclusivo para personas con discapacidad en Antigua | Super - Episodio 2,zweosulrwA8,1,1
JkpVO1hx2f8,video,10 Preguntas a un año del Paro Nacional,JkpVO1hx2f8,3,3
PjmxCj-a9Hg,video,Conferencia de Prensa del Gobierno de Guatemala. #LaRondaGt,PjmxCj-a9Hg,19,25
b_Hkrkl3adA,video,Bloqueos en Guatemala este 31 de agosto por alza en combustibles afectan rutas principales,b_Hkrkl3adA,7,7
is3Mk5oC19g,video,Capturan a ladrón que había quedado grabado mientras robaba en una parroquia de Retalhuleu,is3Mk5oC19g,7,7
WIUZtitfLRw,video,Caminar en una ciudad hecha para carros,WIUZtitfLRw,6,6
3Nfp9h5avBI,video,"Noticiero en Directo 1 pm, 28 de Agosto de 2026",3Nfp9h5avBI,2,2
UhL9y3KUl8E,video,SHAI WA: la vecina queer de Casa Presidencial,UhL9y3KUl8E,1,1
s0eco-BofOs,video,¿Quiénes pagan más en Centroamérica?,s0eco-BofOs,1,1
